frequency,raw,error,smoothed,error_smoothed,equalization,parametric_eq,fixed_band_eq,equalized_raw,equalized_smoothed,target
20.00,3.04,5.59,3.04,5.60,-5.61,-5.28,-2.47,-2.57,-2.57,-2.55
20.20,3.05,5.62,3.05,5.60,-5.60,-5.29,-2.54,-2.55,-2.55,-2.57
20.40,3.06,5.58,3.06,5.60,-5.60,-5.31,-2.61,-2.54,-2.54,-2.52
20.61,3.07,5.59,3.07,5.60,-5.59,-5.33,-2.69,-2.52,-2.52,-2.52
20.81,3.08,5.60,3.08,5.59,-5.59,-5.35,-2.77,-2.51,-2.51,-2.52
21.02,3.08,5.59,3.08,5.59,-5.58,-5.36,-2.85,-2.50,-2.50,-2.51
21.23,3.08,5.56,3.08,5.58,-5.58,-5.38,-2.93,-2.50,-2.49,-2.48
21.44,3.09,5.57,3.09,5.57,-5.57,-5.40,-3.02,-2.48,-2.48,-2.48
21.66,3.09,5.57,3.09,5.56,-5.56,-5.41,-3.10,-2.47,-2.47,-2.48
21.87,3.10,5.53,3.10,5.55,-5.55,-5.43,-3.19,-2.45,-2.45,-2.43
22.09,3.10,5.53,3.10,5.54,-5.54,-5.44,-3.29,-2.44,-2.44,-2.43
22.31,3.11,5.54,3.11,5.54,-5.54,-5.46,-3.38,-2.43,-2.43,-2.43
22.54,3.12,5.55,3.12,5.54,-5.53,-5.47,-3.48,-2.41,-2.41,-2.43
22.76,3.12,5.52,3.13,5.53,-5.53,-5.48,-3.58,-2.41,-2.40,-2.40
22.99,3.13,5.50,3.13,5.52,-5.52,-5.50,-3.68,-2.39,-2.39,-2.37
23.22,3.14,5.51,3.14,5.51,-5.52,-5.51,-3.78,-2.38,-2.38,-2.37
23.45,3.14,5.51,3.14,5.52,-5.52,-5.52,-3.89,-2.38,-2.37,-2.37
23.69,3.15,5.52,3.15,5.52,-5.52,-5.54,-4.00,-2.36,-2.36,-2.37
23.92,3.16,5.53,3.16,5.52,-5.51,-5.55,-4.11,-2.35,-2.35,-2.37
24.16,3.17,5.50,3.17,5.51,-5.51,-5.56,-4.23,-2.34,-2.34,-2.33
24.40,3.17,5.50,3.17,5.51,-5.51,-5.57,-4.34,-2.34,-2.34,-2.33
24.65,3.17,5.50,3.18,5.51,-5.51,-5.58,-4.46,-2.34,-2.34,-2.33
24.89,3.18,5.51,3.18,5.51,-5.51,-5.59,-4.58,-2.33,-2.33,-2.33
25.14,3.19,5.52,3.19,5.51,-5.51,-5.60,-4.70,-2.32,-2.32,-2.33
25.39,3.20,5.50,3.20,5.51,-5.51,-5.61,-4.82,-2.31,-2.32,-2.30
25.65,3.20,5.50,3.20,5.51,-5.52,-5.62,-4.94,-2.32,-2.32,-2.30
25.91,3.21,5.52,3.21,5.52,-5.52,-5.63,-5.06,-2.31,-2.31,-2.31
26.16,3.21,5.53,3.21,5.53,-5.53,-5.64,-5.18,-2.32,-2.31,-2.32
26.43,3.22,5.54,3.22,5.54,-5.53,-5.65,-5.30,-2.31,-2.31,-2.32
26.69,3.22,5.54,3.22,5.54,-5.54,-5.66,-5.42,-2.32,-2.32,-2.32
26.96,3.22,5.54,3.22,5.55,-5.54,-5.67,-5.54,-2.32,-2.32,-2.32
27.23,3.22,5.54,3.22,5.54,-5.55,-5.67,-5.66,-2.33,-2.33,-2.32
27.50,3.22,5.54,3.22,5.55,-5.56,-5.68,-5.77,-2.33,-2.33,-2.32
27.77,3.22,5.54,3.22,5.56,-5.56,-5.69,-5.88,-2.34,-2.34,-2.32
28.05,3.23,5.57,3.23,5.57,-5.57,-5.69,-5.99,-2.34,-2.34,-2.34
28.33,3.22,5.58,3.23,5.58,-5.57,-5.70,-6.09,-2.35,-2.35,-2.36
28.62,3.23,5.58,3.23,5.59,-5.58,-5.71,-6.19,-2.35,-2.35,-2.35
28.90,3.23,5.58,3.23,5.59,-5.58,-5.71,-6.28,-2.35,-2.35,-2.35
29.19,3.24,5.59,3.24,5.59,-5.59,-5.72,-6.36,-2.35,-2.35,-2.35
29.48,3.24,5.59,3.24,5.60,-5.60,-5.72,-6.44,-2.35,-2.35,-2.35
29.78,3.25,5.60,3.25,5.60,-5.60,-5.73,-6.51,-2.35,-2.36,-2.35
30.08,3.24,5.59,3.24,5.60,-5.61,-5.73,-6.57,-2.37,-2.36,-2.35
30.38,3.24,5.59,3.24,5.60,-5.61,-5.73,-6.62,-2.37,-2.37,-2.35
30.68,3.24,5.61,3.24,5.61,-5.62,-5.74,-6.66,-2.37,-2.37,-2.37
30.99,3.24,5.63,3.24,5.63,-5.62,-5.74,-6.70,-2.38,-2.38,-2.39
31.30,3.24,5.63,3.24,5.64,-5.62,-5.74,-6.72,-2.38,-2.38,-2.39
31.61,3.24,5.63,3.24,5.63,-5.62,-5.74,-6.74,-2.38,-2.38,-2.39
31.93,3.23,5.62,3.23,5.62,-5.63,-5.74,-6.74,-2.39,-2.39,-2.39
32.24,3.23,5.61,3.23,5.62,-5.63,-5.75,-6.74,-2.40,-2.40,-2.38
32.57,3.23,5.61,3.23,5.62,-5.63,-5.75,-6.73,-2.40,-2.40,-2.38
32.89,3.23,5.62,3.23,5.62,-5.63,-5.75,-6.71,-2.40,-2.40,-2.39
33.22,3.23,5.63,3.23,5.63,-5.63,-5.75,-6.68,-2.40,-2.41,-2.40
33.55,3.22,5.64,3.22,5.64,-5.64,-5.75,-6.65,-2.41,-2.41,-2.42
33.89,3.22,5.64,3.22,5.65,-5.64,-5.75,-6.61,-2.42,-2.42,-2.42
34.23,3.22,5.64,3.22,5.64,-5.64,-5.74,-6.56,-2.42,-2.42,-2.42
34.57,3.22,5.64,3.22,5.64,-5.64,-5.74,-6.51,-2.42,-2.42,-2.42
34.92,3.22,5.63,3.22,5.64,-5.63,-5.74,-6.45,-2.41,-2.41,-2.41
35.27,3.22,5.63,3.22,5.63,-5.63,-5.74,-6.39,-2.41,-2.41,-2.41
35.62,3.21,5.62,3.21,5.62,-5.62,-5.74,-6.33,-2.41,-2.41,-2.41
35.97,3.20,5.60,3.21,5.61,-5.61,-5.73,-6.26,-2.41,-2.41,-2.40
36.33,3.20,5.60,3.20,5.60,-5.61,-5.73,-6.19,-2.41,-2.41,-2.40
36.70,3.20,5.60,3.20,5.60,-5.61,-5.73,-6.12,-2.41,-2.41,-2.40
37.06,3.20,5.59,3.20,5.60,-5.61,-5.72,-6.05,-2.40,-2.40,-2.39
37.43,3.20,5.59,3.20,5.60,-5.60,-5.72,-5.98,-2.40,-2.40,-2.39
37.81,3.20,5.61,3.20,5.61,-5.60,-5.71,-5.92,-2.40,-2.41,-2.41
38.19,3.19,5.61,3.19,5.61,-5.60,-5.71,-5.85,-2.41,-2.41,-2.42
38.57,3.19,5.61,3.19,5.61,-5.60,-5.70,-5.78,-2.41,-2.41,-2.42
38.95,3.19,5.60,3.19,5.61,-5.60,-5.69,-5.72,-2.41,-2.41,-2.41
39.34,3.19,5.60,3.19,5.60,-5.60,-5.69,-5.65,-2.41,-2.41,-2.41
39.74,3.18,5.58,3.18,5.59,-5.60,-5.68,-5.59,-2.42,-2.42,-2.40
40.14,3.18,5.59,3.18,5.60,-5.60,-5.67,-5.54,-2.42,-2.42,-2.41
40.54,3.16,5.60,3.17,5.60,-5.60,-5.67,-5.48,-2.44,-2.43,-2.44
40.94,3.17,5.61,3.17,5.61,-5.60,-5.66,-5.43,-2.43,-2.43,-2.44
41.35,3.16,5.59,3.16,5.60,-5.60,-5.65,-5.38,-2.44,-2.44,-2.43
41.76,3.16,5.59,3.16,5.59,-5.60,-5.64,-5.34,-2.44,-2.44,-2.43
42.18,3.16,5.58,3.16,5.60,-5.61,-5.63,-5.30,-2.45,-2.45,-2.42
42.60,3.15,5.61,3.16,5.61,-5.61,-5.62,-5.26,-2.46,-2.46,-2.46
43.03,3.16,5.62,3.16,5.61,-5.62,-5.61,-5.23,-2.45,-2.45,-2.46
43.46,3.16,5.61,3.16,5.62,-5.61,-5.60,-5.20,-2.45,-2.45,-2.45
43.90,3.16,5.60,3.16,5.62,-5.60,-5.59,-5.17,-2.44,-2.45,-2.44
44.33,3.14,5.61,3.14,5.61,-5.59,-5.58,-5.15,-2.45,-2.45,-2.47
44.78,3.12,5.59,3.12,5.59,-5.57,-5.56,-5.13,-2.45,-2.45,-2.47
45.23,3.09,5.55,3.09,5.56,-5.55,-5.55,-5.12,-2.45,-2.45,-2.46
45.68,3.06,5.51,3.06,5.52,-5.52,-5.54,-5.11,-2.46,-2.46,-2.45
46.13,3.03,5.47,3.03,5.47,-5.49,-5.52,-5.10,-2.46,-2.46,-2.44
46.60,3.00,5.44,3.01,5.45,-5.46,-5.51,-5.10,-2.46,-2.46,-2.44
47.06,2.99,5.42,2.99,5.43,-5.44,-5.50,-5.10,-2.45,-2.46,-2.43
47.53,2.97,5.43,2.97,5.43,-5.43,-5.48,-5.11,-2.46,-2.46,-2.46
48.01,2.96,5.42,2.96,5.42,-5.42,-5.47,-5.12,-2.46,-2.46,-2.46
48.49,2.96,5.41,2.96,5.42,-5.42,-5.45,-5.13,-2.46,-2.46,-2.45
48.97,2.97,5.41,2.97,5.43,-5.43,-5.43,-5.14,-2.46,-2.46,-2.44
49.46,2.98,5.45,2.98,5.44,-5.44,-5.42,-5.16,-2.45,-2.46,-2.47
49.96,2.99,5.45,2.99,5.45,-5.44,-5.40,-5.18,-2.45,-2.45,-2.46
50.46,2.98,5.43,2.99,5.46,-5.44,-5.38,-5.20,-2.46,-2.46,-2.45
50.96,2.98,5.46,2.98,5.44,-5.44,-5.37,-5.23,-2.46,-2.46,-2.48
51.47,2.97,5.44,2.97,5.44,-5.44,-5.35,-5.25,-2.47,-2.47,-2.47
51.99,2.96,5.41,2.96,5.44,-5.43,-5.33,-5.28,-2.47,-2.47,-2.45
52.51,2.95,5.44,2.95,5.42,-5.43,-5.31,-5.31,-2.47,-2.48,-2.49
53.03,2.93,5.41,2.94,5.41,-5.41,-5.29,-5.34,-2.48,-2.48,-2.48
53.56,2.92,5.38,2.92,5.40,-5.40,-5.27,-5.37,-2.48,-2.48,-2.46
54.10,2.92,5.38,2.91,5.38,-5.39,-5.25,-5.40,-2.46,-2.47,-2.46
54.64,2.90,5.38,2.90,5.37,-5.37,-5.23,-5.43,-2.47,-2.47,-2.48
55.18,2.89,5.35,2.89,5.36,-5.36,-5.21,-5.45,-2.46,-2.46,-2.46
55.74,2.88,5.33,2.88,5.34,-5.34,-5.18,-5.48,-2.46,-2.46,-2.45
56.29,2.87,5.32,2.87,5.32,-5.33,-5.16,-5.51,-2.45,-2.46,-2.45
56.86,2.85,5.30,2.86,5.30,-5.31,-5.14,-5.53,-2.46,-2.45,-2.45
57.42,2.84,5.28,2.84,5.29,-5.29,-5.11,-5.55,-2.45,-2.45,-2.44
58.00,2.83,5.28,2.83,5.27,-5.27,-5.09,-5.56,-2.44,-2.45,-2.45
58.58,2.81,5.26,2.81,5.26,-5.25,-5.07,-5.57,-2.44,-2.44,-2.45
59.16,2.78,5.21,2.79,5.24,-5.23,-5.04,-5.58,-2.45,-2.44,-2.43
59.76,2.77,5.22,2.77,5.21,-5.21,-5.01,-5.58,-2.44,-2.44,-2.45
60.35,2.76,5.18,2.76,5.19,-5.19,-4.99,-5.58,-2.43,-2.43,-2.42
60.96,2.75,5.15,2.75,5.17,-5.17,-4.96,-5.57,-2.42,-2.42,-2.40
61.57,2.73,5.16,2.73,5.14,-5.15,-4.94,-5.56,-2.42,-2.41,-2.43
62.18,2.72,5.12,2.72,5.13,-5.13,-4.91,-5.54,-2.41,-2.41,-2.40
62.80,2.71,5.09,2.71,5.11,-5.11,-4.88,-5.52,-2.39,-2.40,-2.38
63.43,2.70,5.09,2.70,5.08,-5.08,-4.85,-5.49,-2.38,-2.38,-2.39
64.07,2.68,5.06,2.68,5.06,-5.06,-4.82,-5.45,-2.38,-2.37,-2.38
64.71,2.67,5.02,2.67,5.04,-5.03,-4.79,-5.41,-2.36,-2.36,-2.35
65.35,2.64,5.00,2.65,5.00,-5.00,-4.76,-5.36,-2.36,-2.35,-2.36
66.01,2.63,4.97,2.63,4.97,-4.97,-4.73,-5.30,-2.34,-2.34,-2.34
66.67,2.61,4.92,2.61,4.93,-4.93,-4.70,-5.24,-2.32,-2.33,-2.31
67.33,2.58,4.89,2.59,4.89,-4.90,-4.67,-5.18,-2.32,-2.31,-2.31
68.01,2.56,4.86,2.56,4.86,-4.86,-4.64,-5.11,-2.30,-2.30,-2.30
68.69,2.54,4.81,2.54,4.83,-4.82,-4.61,-5.04,-2.28,-2.29,-2.27
69.37,2.51,4.79,2.51,4.78,-4.78,-4.57,-4.97,-2.27,-2.27,-2.28
70.07,2.49,4.74,2.49,4.75,-4.74,-4.54,-4.89,-2.25,-2.25,-2.25
70.77,2.47,4.69,2.47,4.71,-4.70,-4.51,-4.81,-2.23,-2.23,-2.22
71.48,2.45,4.67,2.45,4.66,-4.66,-4.47,-4.73,-2.21,-2.21,-2.22
72.19,2.42,4.61,2.43,4.62,-4.62,-4.44,-4.64,-2.20,-2.19,-2.19
72.91,2.40,4.57,2.40,4.58,-4.58,-4.40,-4.56,-2.18,-2.18,-2.17
73.64,2.37,4.53,2.37,4.53,-4.53,-4.36,-4.47,-2.16,-2.16,-2.16
74.38,2.34,4.47,2.35,4.49,-4.49,-4.33,-4.38,-2.15,-2.14,-2.13
75.12,2.32,4.44,2.32,4.44,-4.44,-4.29,-4.30,-2.12,-2.12,-2.12
75.87,2.30,4.40,2.30,4.40,-4.40,-4.25,-4.21,-2.09,-2.09,-2.10
76.63,2.28,4.34,2.28,4.35,-4.35,-4.22,-4.13,-2.07,-2.07,-2.06
77.40,2.25,4.31,2.25,4.30,-4.30,-4.18,-4.04,-2.04,-2.05,-2.06
78.17,2.22,4.23,2.22,4.25,-4.24,-4.14,-3.96,-2.02,-2.03,-2.01
78.95,2.18,4.18,2.18,4.18,-4.19,-4.10,-3.87,-2.01,-2.00,-2.00
79.74,2.15,4.13,2.15,4.13,-4.13,-4.06,-3.79,-1.98,-1.98,-1.98
80.54,2.12,4.05,2.12,4.07,-4.07,-4.02,-3.71,-1.95,-1.95,-1.93
81.35,2.09,4.02,2.09,4.01,-4.00,-3.98,-3.63,-1.91,-1.92,-1.93
82.16,2.05,3.94,2.05,3.94,-3.94,-3.94,-3.56,-1.89,-1.89,-1.89
82.98,2.01,3.86,2.02,3.87,-3.87,-3.90,-3.49,-1.86,-1.86,-1.85
83.81,1.98,3.81,1.98,3.80,-3.81,-3.85,-3.41,-1.83,-1.83,-1.83
84.65,1.94,3.72,1.94,3.74,-3.74,-3.81,-3.34,-1.80,-1.80,-1.78
85.50,1.90,3.68,1.91,3.68,-3.68,-3.77,-3.28,-1.78,-1.77,-1.78
86.35,1.88,3.61,1.88,3.62,-3.61,-3.72,-3.21,-1.73,-1.74,-1.73
87.22,1.84,3.55,1.84,3.56,-3.55,-3.68,-3.15,-1.71,-1.71,-1.71
88.09,1.81,3.49,1.81,3.49,-3.49,-3.64,-3.09,-1.68,-1.68,-1.68
88.97,1.77,3.42,1.78,3.43,-3.43,-3.59,-3.03,-1.66,-1.65,-1.65
89.86,1.75,3.37,1.75,3.37,-3.37,-3.55,-2.98,-1.62,-1.62,-1.62
90.76,1.71,3.29,1.71,3.30,-3.31,-3.50,-2.92,-1.60,-1.59,-1.58
91.66,1.68,3.24,1.68,3.24,-3.25,-3.46,-2.87,-1.57,-1.56,-1.56
92.58,1.65,3.18,1.65,3.19,-3.19,-3.41,-2.82,-1.54,-1.53,-1.53
93.51,1.63,3.13,1.63,3.13,-3.13,-3.36,-2.78,-1.50,-1.50,-1.50
94.44,1.61,3.08,1.61,3.08,-3.08,-3.31,-2.73,-1.46,-1.47,-1.47
95.39,1.58,3.01,1.58,3.02,-3.02,-3.27,-2.69,-1.44,-1.44,-1.43
96.34,1.55,2.96,1.56,2.97,-2.96,-3.22,-2.65,-1.41,-1.41,-1.41
97.30,1.53,2.90,1.53,2.91,-2.91,-3.17,-2.61,-1.38,-1.38,-1.37
98.28,1.51,2.87,1.50,2.86,-2.85,-3.12,-2.57,-1.34,-1.35,-1.36
99.26,1.47,2.78,1.48,2.80,-2.80,-3.07,-2.54,-1.33,-1.32,-1.31
100.25,1.45,2.74,1.45,2.74,-2.74,-3.02,-2.51,-1.29,-1.29,-1.29
101.25,1.42,2.68,1.42,2.68,-2.69,-2.97,-2.47,-1.27,-1.27,-1.26
102.27,1.39,2.63,1.39,2.64,-2.63,-2.92,-2.44,-1.24,-1.24,-1.24
103.29,1.37,2.58,1.37,2.58,-2.58,-2.87,-2.41,-1.21,-1.21,-1.21
104.32,1.34,2.52,1.34,2.53,-2.53,-2.82,-2.39,-1.18,-1.18,-1.18
105.37,1.32,2.46,1.32,2.47,-2.47,-2.77,-2.36,-1.15,-1.15,-1.14
106.42,1.30,2.43,1.30,2.43,-2.43,-2.72,-2.33,-1.12,-1.13,-1.13
107.48,1.28,2.38,1.28,2.38,-2.38,-2.67,-2.31,-1.10,-1.10,-1.10
108.56,1.26,2.33,1.26,2.34,-2.34,-2.62,-2.29,-1.08,-1.08,-1.07
109.64,1.25,2.30,1.25,2.30,-2.30,-2.57,-2.26,-1.05,-1.05,-1.05
110.74,1.24,2.26,1.24,2.27,-2.27,-2.51,-2.24,-1.03,-1.03,-1.02
111.85,1.24,2.24,1.24,2.24,-2.25,-2.46,-2.21,-1.01,-1.01,-1.00
112.97,1.24,2.21,1.24,2.22,-2.23,-2.41,-2.19,-0.99,-0.99,-0.97
114.10,1.25,2.21,1.25,2.21,-2.22,-2.36,-2.17,-0.97,-0.97,-0.96
115.24,1.26,2.20,1.26,2.21,-2.21,-2.30,-2.14,-0.95,-0.94,-0.94
116.39,1.28,2.20,1.28,2.20,-2.20,-2.25,-2.12,-0.92,-0.92,-0.92
117.55,1.31,2.19,1.31,2.20,-2.19,-2.20,-2.09,-0.88,-0.89,-0.88
118.73,1.32,2.18,1.32,2.18,-2.18,-2.15,-2.07,-0.86,-0.85,-0.86
119.92,1.34,2.16,1.34,2.16,-2.16,-2.09,-2.04,-0.82,-0.82,-0.82
121.12,1.34,2.12,1.34,2.14,-2.13,-2.04,-2.02,-0.79,-0.79,-0.78
122.33,1.35,2.11,1.35,2.10,-2.09,-1.99,-1.99,-0.74,-0.74,-0.76
123.55,1.34,2.05,1.34,2.06,-2.04,-1.93,-1.96,-0.70,-0.70,-0.71
124.79,1.34,2.00,1.34,2.00,-1.99,-1.88,-1.93,-0.65,-0.65,-0.66
126.03,1.31,1.92,1.32,1.93,-1.92,-1.82,-1.89,-0.61,-0.61,-0.61
127.29,1.30,1.85,1.30,1.85,-1.86,-1.77,-1.86,-0.56,-0.56,-0.55
128.57,1.27,1.77,1.27,1.78,-1.79,-1.72,-1.83,-0.52,-0.51,-0.50
129.85,1.25,1.70,1.26,1.71,-1.72,-1.66,-1.79,-0.47,-0.47,-0.45
131.15,1.24,1.64,1.23,1.65,-1.65,-1.61,-1.75,-0.41,-0.42,-0.40
132.46,1.21,1.58,1.21,1.59,-1.59,-1.56,-1.71,-0.38,-0.38,-0.37
133.79,1.19,1.54,1.19,1.53,-1.53,-1.50,-1.68,-0.34,-0.34,-0.35
135.12,1.16,1.46,1.16,1.48,-1.47,-1.45,-1.63,-0.31,-0.31,-0.30
136.48,1.14,1.42,1.14,1.42,-1.42,-1.40,-1.59,-0.28,-0.28,-0.28
137.84,1.11,1.37,1.11,1.36,-1.36,-1.35,-1.55,-0.25,-0.25,-0.26
139.22,1.08,1.30,1.08,1.31,-1.31,-1.29,-1.51,-0.23,-0.23,-0.22
140.61,1.04,1.24,1.05,1.25,-1.25,-1.24,-1.46,-0.21,-0.20,-0.20
142.02,1.02,1.20,1.02,1.20,-1.20,-1.19,-1.42,-0.18,-0.18,-0.18
143.44,0.99,1.13,0.99,1.14,-1.14,-1.14,-1.37,-0.15,-0.15,-0.14
144.87,0.95,1.09,0.96,1.09,-1.09,-1.09,-1.33,-0.13,-0.13,-0.14
146.32,0.92,1.02,0.92,1.03,-1.03,-1.03,-1.28,-0.11,-0.11,-0.10
147.78,0.89,0.98,0.89,0.98,-0.98,-0.98,-1.23,-0.09,-0.09,-0.09
149.26,0.85,0.92,0.85,0.92,-0.93,-0.93,-1.19,-0.08,-0.08,-0.07
150.75,0.81,0.86,0.81,0.88,-0.88,-0.88,-1.14,-0.07,-0.06,-0.05
152.26,0.78,0.83,0.78,0.83,-0.83,-0.83,-1.09,-0.05,-0.05,-0.05
153.78,0.74,0.78,0.74,0.78,-0.78,-0.78,-1.05,-0.04,-0.04,-0.04
155.32,0.71,0.73,0.71,0.74,-0.73,-0.73,-1.00,-0.02,-0.03,-0.02
156.88,0.66,0.69,0.67,0.69,-0.69,-0.69,-0.95,-0.03,-0.02,-0.03
158.44,0.63,0.63,0.63,0.64,-0.64,-0.64,-0.91,-0.01,-0.01,-0.00
160.03,0.60,0.61,0.59,0.60,-0.60,-0.59,-0.86,0.01,-0.00,-0.01
161.63,0.55,0.53,0.56,0.55,-0.55,-0.54,-0.81,-0.00,0.00,0.02
163.24,0.51,0.50,0.52,0.50,-0.51,-0.49,-0.77,0.00,0.01,0.01
164.88,0.48,0.46,0.48,0.46,-0.47,-0.45,-0.72,0.01,0.01,0.02
166.53,0.44,0.42,0.44,0.43,-0.43,-0.40,-0.68,0.02,0.02,0.02
168.19,0.40,0.39,0.40,0.39,-0.39,-0.36,-0.63,0.01,0.01,0.01
169.87,0.36,0.34,0.36,0.35,-0.35,-0.31,-0.58,0.01,0.01,0.02
171.57,0.32,0.31,0.32,0.31,-0.31,-0.27,-0.54,0.01,0.01,0.01
173.29,0.29,0.27,0.29,0.27,-0.28,-0.23,-0.50,0.02,0.01,0.02
175.02,0.25,0.24,0.25,0.24,-0.24,-0.18,-0.45,0.01,0.01,0.01
176.77,0.21,0.19,0.21,0.20,-0.20,-0.14,-0.41,0.01,0.01,0.02
178.54,0.17,0.16,0.17,0.17,-0.16,-0.10,-0.36,0.01,0.01,0.01
180.32,0.14,0.13,0.14,0.13,-0.13,-0.06,-0.32,0.01,0.01,0.01
182.13,0.10,0.09,0.10,0.09,-0.09,-0.02,-0.28,0.01,0.01,0.01
183.95,0.06,0.03,0.07,0.05,-0.05,0.02,-0.23,0.01,0.01,0.03
185.79,0.03,0.02,0.03,0.01,-0.01,0.06,-0.19,0.02,0.01,0.01
187.65,-0.01,-0.04,-0.01,-0.03,0.03,0.10,-0.15,0.02,0.02,0.03
189.52,-0.05,-0.08,-0.04,-0.06,0.07,0.14,-0.10,0.02,0.03,0.03
191.42,-0.08,-0.10,-0.08,-0.11,0.11,0.17,-0.06,0.04,0.03,0.02
193.33,-0.12,-0.15,-0.12,-0.15,0.16,0.21,-0.02,0.04,0.04,0.03
195.27,-0.16,-0.21,-0.15,-0.20,0.20,0.24,0.02,0.04,0.05,0.05
197.22,-0.18,-0.25,-0.19,-0.25,0.25,0.28,0.06,0.07,0.06,0.07
199.19,-0.22,-0.31,-0.22,-0.30,0.29,0.31,0.10,0.07,0.08,0.09
201.18,-0.25,-0.35,-0.25,-0.34,0.34,0.34,0.15,0.09,0.09,0.10
203.19,-0.28,-0.38,-0.28,-0.38,0.38,0.38,0.19,0.10,0.10,0.10
205.23,-0.32,-0.41,-0.31,-0.41,0.41,0.41,0.23,0.10,0.10,0.09
207.28,-0.34,-0.45,-0.34,-0.45,0.45,0.44,0.27,0.11,0.10,0.11
209.35,-0.38,-0.50,-0.37,-0.48,0.48,0.47,0.31,0.10,0.11,0.12
211.44,-0.40,-0.51,-0.40,-0.51,0.51,0.50,0.34,0.11,0.10,0.11
213.56,-0.43,-0.53,-0.43,-0.53,0.53,0.52,0.38,0.10,0.10,0.10
215.69,-0.46,-0.57,-0.46,-0.55,0.55,0.55,0.42,0.10,0.10,0.11
217.85,-0.49,-0.56,-0.49,-0.57,0.58,0.58,0.46,0.09,0.09,0.07
220.03,-0.52,-0.60,-0.52,-0.59,0.59,0.60,0.49,0.07,0.07,0.08
222.23,-0.55,-0.61,-0.55,-0.61,0.61,0.63,0.53,0.06,0.06,0.06
224.45,-0.58,-0.64,-0.58,-0.63,0.62,0.65,0.56,0.04,0.04,0.06
226.70,-0.61,-0.64,-0.61,-0.64,0.64,0.67,0.59,0.03,0.03,0.03
228.96,-0.64,-0.66,-0.64,-0.65,0.65,0.70,0.63,0.01,0.01,0.02
231.25,-0.66,-0.66,-0.66,-0.66,0.66,0.72,0.66,0.00,-0.00,-0.00
233.57,-0.70,-0.67,-0.69,-0.67,0.67,0.74,0.69,-0.03,-0.02,-0.03
235.90,-0.72,-0.68,-0.72,-0.67,0.68,0.76,0.72,-0.04,-0.04,-0.04
238.26,-0.75,-0.69,-0.75,-0.69,0.69,0.78,0.74,-0.06,-0.06,-0.06
240.64,-0.78,-0.70,-0.77,-0.70,0.69,0.80,0.77,-0.09,-0.08,-0.08
243.05,-0.80,-0.71,-0.81,-0.70,0.70,0.81,0.79,-0.10,-0.11,-0.09
245.48,-0.84,-0.71,-0.84,-0.71,0.71,0.83,0.82,-0.13,-0.13,-0.13
247.93,-0.87,-0.72,-0.86,-0.71,0.72,0.85,0.84,-0.15,-0.15,-0.15
250.41,-0.89,-0.73,-0.89,-0.72,0.72,0.86,0.86,-0.16,-0.17,-0.16
252.92,-0.92,-0.73,-0.92,-0.73,0.73,0.88,0.88,-0.19,-0.19,-0.19
255.45,-0.96,-0.75,-0.96,-0.74,0.74,0.89,0.89,-0.22,-0.21,-0.21
258.00,-0.99,-0.76,-0.99,-0.75,0.75,0.91,0.91,-0.24,-0.24,-0.23
260.58,-1.02,-0.77,-1.02,-0.76,0.76,0.92,0.93,-0.26,-0.25,-0.25
263.19,-1.04,-0.77,-1.05,-0.77,0.77,0.93,0.94,-0.27,-0.27,-0.27
265.82,-1.08,-0.78,-1.07,-0.78,0.78,0.94,0.95,-0.29,-0.29,-0.30
268.48,-1.11,-0.81,-1.11,-0.80,0.80,0.95,0.96,-0.31,-0.31,-0.30
271.16,-1.14,-0.81,-1.14,-0.81,0.81,0.96,0.97,-0.33,-0.34,-0.33
273.87,-1.18,-0.84,-1.18,-0.83,0.82,0.97,0.98,-0.36,-0.35,-0.34
276.61,-1.21,-0.83,-1.21,-0.83,0.84,0.98,0.99,-0.37,-0.37,-0.38
279.38,-1.24,-0.86,-1.24,-0.85,0.85,0.99,1.00,-0.39,-0.39,-0.38
282.17,-1.27,-0.86,-1.27,-0.87,0.87,1.00,1.01,-0.40,-0.40,-0.41
284.99,-1.30,-0.89,-1.30,-0.89,0.89,1.01,1.01,-0.41,-0.41,-0.41
287.84,-1.34,-0.94,-1.33,-0.91,0.91,1.01,1.02,-0.43,-0.43,-0.40
290.72,-1.36,-0.91,-1.36,-0.94,0.93,1.02,1.03,-0.43,-0.44,-0.45
293.63,-1.40,-0.96,-1.40,-0.95,0.95,1.03,1.03,-0.45,-0.45,-0.44
296.57,-1.43,-0.99,-1.43,-0.97,0.97,1.03,1.04,-0.46,-0.45,-0.44
299.53,-1.46,-0.98,-1.46,-0.99,1.00,1.04,1.05,-0.46,-0.47,-0.48
302.53,-1.50,-1.02,-1.50,-1.02,1.02,1.04,1.06,-0.48,-0.48,-0.48
305.55,-1.53,-1.05,-1.53,-1.04,1.04,1.05,1.06,-0.49,-0.49,-0.48
308.61,-1.57,-1.09,-1.56,-1.07,1.07,1.05,1.07,-0.50,-0.50,-0.48
311.69,-1.59,-1.08,-1.59,-1.09,1.09,1.05,1.08,-0.50,-0.50,-0.51
314.81,-1.62,-1.11,-1.62,-1.11,1.11,1.06,1.09,-0.51,-0.51,-0.51
317.96,-1.66,-1.15,-1.65,-1.13,1.13,1.06,1.10,-0.53,-0.52,-0.51
321.14,-1.69,-1.14,-1.69,-1.16,1.15,1.06,1.11,-0.54,-0.54,-0.55
324.35,-1.73,-1.18,-1.73,-1.17,1.17,1.06,1.12,-0.56,-0.56,-0.55
327.59,-1.76,-1.21,-1.76,-1.19,1.18,1.07,1.13,-0.57,-0.57,-0.55
330.87,-1.79,-1.19,-1.79,-1.20,1.20,1.07,1.14,-0.59,-0.59,-0.60
334.18,-1.81,-1.22,-1.82,-1.21,1.21,1.07,1.16,-0.60,-0.60,-0.59
337.52,-1.85,-1.22,-1.84,-1.22,1.23,1.07,1.17,-0.62,-0.62,-0.63
340.90,-1.88,-1.25,-1.88,-1.24,1.24,1.07,1.19,-0.64,-0.64,-0.63
344.30,-1.91,-1.24,-1.91,-1.25,1.25,1.07,1.20,-0.66,-0.67,-0.67
347.75,-1.95,-1.27,-1.94,-1.26,1.26,1.08,1.22,-0.69,-0.68,-0.68
351.23,-1.97,-1.27,-1.97,-1.26,1.27,1.08,1.24,-0.70,-0.71,-0.70
354.74,-2.00,-1.28,-2.00,-1.28,1.27,1.08,1.26,-0.73,-0.73,-0.72
358.28,-2.04,-1.28,-2.03,-1.28,1.28,1.08,1.28,-0.76,-0.75,-0.76
361.87,-2.06,-1.30,-2.06,-1.29,1.29,1.08,1.30,-0.77,-0.78,-0.76
365.49,-2.09,-1.29,-2.09,-1.29,1.29,1.08,1.32,-0.80,-0.80,-0.80
369.14,-2.12,-1.32,-2.12,-1.30,1.30,1.08,1.35,-0.82,-0.82,-0.80
372.83,-2.14,-1.29,-2.14,-1.30,1.31,1.08,1.37,-0.83,-0.84,-0.85
376.56,-2.18,-1.33,-2.17,-1.31,1.31,1.08,1.40,-0.86,-0.86,-0.85
380.33,-2.20,-1.31,-2.20,-1.32,1.32,1.08,1.43,-0.88,-0.88,-0.89
384.13,-2.23,-1.34,-2.23,-1.33,1.33,1.09,1.45,-0.90,-0.90,-0.89
387.97,-2.26,-1.35,-2.26,-1.34,1.34,1.09,1.48,-0.92,-0.92,-0.91
391.85,-2.29,-1.35,-2.29,-1.35,1.35,1.09,1.51,-0.94,-0.94,-0.94
395.77,-2.31,-1.37,-2.31,-1.35,1.36,1.09,1.54,-0.95,-0.95,-0.94
399.73,-2.34,-1.36,-2.34,-1.37,1.37,1.09,1.57,-0.97,-0.97,-0.98
403.72,-2.36,-1.38,-2.36,-1.38,1.38,1.10,1.60,-0.98,-0.98,-0.98
407.76,-2.39,-1.41,-2.39,-1.39,1.39,1.10,1.63,-1.00,-0.99,-0.98
411.84,-2.41,-1.40,-2.41,-1.40,1.40,1.10,1.66,-1.01,-1.01,-1.01
415.96,-2.43,-1.41,-2.43,-1.42,1.41,1.11,1.69,-1.01,-1.02,-1.02
420.12,-2.46,-1.44,-2.46,-1.43,1.43,1.11,1.72,-1.03,-1.03,-1.02
424.32,-2.48,-1.46,-2.48,-1.44,1.44,1.12,1.75,-1.04,-1.04,-1.02
428.56,-2.50,-1.45,-2.50,-1.45,1.45,1.12,1.78,-1.05,-1.05,-1.05
432.85,-2.52,-1.45,-2.52,-1.46,1.46,1.13,1.81,-1.06,-1.06,-1.07
437.18,-2.55,-1.48,-2.54,-1.48,1.47,1.14,1.84,-1.07,-1.07,-1.07
441.55,-2.56,-1.50,-2.56,-1.49,1.49,1.15,1.87,-1.07,-1.08,-1.06
445.96,-2.58,-1.52,-2.58,-1.50,1.50,1.15,1.90,-1.08,-1.08,-1.06
450.42,-2.60,-1.49,-2.60,-1.50,1.51,1.16,1.92,-1.09,-1.09,-1.11
454.93,-2.62,-1.51,-2.62,-1.51,1.52,1.17,1.94,-1.10,-1.11,-1.11
459.48,-2.65,-1.54,-2.64,-1.52,1.52,1.19,1.97,-1.12,-1.12,-1.11
464.07,-2.66,-1.55,-2.66,-1.54,1.53,1.20,1.98,-1.13,-1.13,-1.11
468.71,-2.68,-1.53,-2.68,-1.54,1.53,1.21,2.00,-1.15,-1.15,-1.15
473.40,-2.70,-1.55,-2.70,-1.54,1.54,1.23,2.02,-1.16,-1.16,-1.15
478.13,-2.72,-1.55,-2.71,-1.53,1.54,1.25,2.03,-1.18,-1.17,-1.17
482.91,-2.73,-1.53,-2.73,-1.55,1.55,1.26,2.04,-1.18,-1.19,-1.20
487.74,-2.75,-1.55,-2.75,-1.55,1.55,1.28,2.04,-1.20,-1.20,-1.20
492.62,-2.78,-1.58,-2.77,-1.55,1.56,1.31,2.05,-1.22,-1.22,-1.20
497.55,-2.79,-1.55,-2.79,-1.57,1.56,1.33,2.05,-1.23,-1.23,-1.24
502.52,-2.82,-1.58,-2.82,-1.58,1.57,1.35,2.04,-1.25,-1.25,-1.24
507.55,-2.84,-1.60,-2.84,-1.58,1.58,1.38,2.04,-1.26,-1.25,-1.24
512.62,-2.86,-1.61,-2.86,-1.60,1.60,1.41,2.03,-1.26,-1.26,-1.25
517.75,-2.88,-1.59,-2.88,-1.61,1.61,1.44,2.02,-1.27,-1.27,-1.29
522.93,-2.92,-1.63,-2.91,-1.62,1.63,1.47,2.00,-1.29,-1.28,-1.29
528.16,-2.93,-1.65,-2.93,-1.65,1.65,1.50,1.98,-1.28,-1.29,-1.28
533.44,-2.96,-1.68,-2.96,-1.67,1.66,1.54,1.96,-1.29,-1.29,-1.28
538.77,-2.98,-1.70,-2.98,-1.69,1.68,1.58,1.94,-1.29,-1.30,-1.28
544.16,-3.01,-1.71,-3.01,-1.71,1.71,1.62,1.92,-1.30,-1.30,-1.30
549.60,-3.03,-1.73,-3.03,-1.73,1.73,1.66,1.89,-1.30,-1.30,-1.30
555.10,-3.05,-1.75,-3.05,-1.74,1.75,1.70,1.86,-1.30,-1.30,-1.30
560.65,-3.07,-1.77,-3.07,-1.77,1.77,1.74,1.83,-1.30,-1.30,-1.30
566.25,-3.09,-1.79,-3.09,-1.79,1.79,1.78,1.80,-1.30,-1.29,-1.30
571.92,-3.11,-1.83,-3.11,-1.82,1.81,1.82,1.76,-1.30,-1.29,-1.28
577.64,-3.12,-1.84,-3.12,-1.84,1.83,1.86,1.73,-1.29,-1.29,-1.28
583.41,-3.14,-1.86,-3.14,-1.86,1.85,1.90,1.69,-1.29,-1.29,-1.28
589.25,-3.15,-1.87,-3.15,-1.87,1.87,1.94,1.65,-1.28,-1.28,-1.28
595.14,-3.16,-1.88,-3.16,-1.88,1.88,1.97,1.61,-1.28,-1.28,-1.28
601.09,-3.17,-1.89,-3.17,-1.89,1.89,2.00,1.58,-1.28,-1.28,-1.28
607.10,-3.18,-1.90,-3.18,-1.90,1.90,2.03,1.54,-1.28,-1.28,-1.28
613.17,-3.19,-1.91,-3.19,-1.91,1.90,2.05,1.50,-1.29,-1.29,-1.28
619.30,-3.20,-1.92,-3.20,-1.91,1.91,2.06,1.46,-1.29,-1.29,-1.28
625.50,-3.20,-1.92,-3.20,-1.92,1.91,2.07,1.42,-1.28,-1.28,-1.28
631.75,-3.20,-1.92,-3.20,-1.92,1.92,2.07,1.39,-1.28,-1.28,-1.28
638.07,-3.20,-1.92,-3.20,-1.92,1.93,2.07,1.35,-1.27,-1.27,-1.28
644.45,-3.21,-1.93,-3.21,-1.93,1.94,2.05,1.31,-1.27,-1.27,-1.28
650.89,-3.21,-1.95,-3.21,-1.95,1.95,2.03,1.27,-1.26,-1.26,-1.26
657.40,-3.21,-1.98,-3.21,-1.97,1.95,2.01,1.24,-1.25,-1.25,-1.23
663.98,-3.21,-1.98,-3.21,-1.98,1.96,1.97,1.20,-1.24,-1.24,-1.23
670.62,-3.21,-1.98,-3.21,-1.98,1.97,1.93,1.17,-1.23,-1.23,-1.23
677.32,-3.21,-1.98,-3.21,-1.97,1.98,1.89,1.13,-1.23,-1.22,-1.23
684.10,-3.20,-1.97,-3.20,-1.98,1.99,1.84,1.10,-1.21,-1.21,-1.23
690.94,-3.20,-1.99,-3.20,-1.99,1.99,1.79,1.07,-1.21,-1.21,-1.21
697.85,-3.20,-2.01,-3.19,-1.99,1.99,1.73,1.03,-1.21,-1.21,-1.19
704.83,-3.19,-2.00,-3.19,-1.99,1.98,1.67,1.00,-1.21,-1.20,-1.19
711.87,-3.17,-1.98,-3.17,-1.98,1.98,1.62,0.97,-1.19,-1.20,-1.19
718.99,-3.16,-1.97,-3.16,-1.96,1.97,1.56,0.94,-1.19,-1.19,-1.19
726.18,-3.14,-1.95,-3.14,-1.95,1.95,1.50,0.91,-1.19,-1.19,-1.19
733.44,-3.12,-1.93,-3.12,-1.92,1.93,1.44,0.89,-1.19,-1.19,-1.19
740.78,-3.09,-1.90,-3.09,-1.90,1.90,1.38,0.86,-1.19,-1.19,-1.19
748.19,-3.06,-1.87,-3.06,-1.87,1.86,1.32,0.83,-1.19,-1.20,-1.19
755.67,-3.03,-1.84,-3.03,-1.83,1.82,1.27,0.81,-1.21,-1.20,-1.19
763.23,-2.99,-1.80,-2.99,-1.79,1.78,1.21,0.78,-1.21,-1.21,-1.19
770.86,-2.94,-1.73,-2.94,-1.73,1.72,1.16,0.76,-1.22,-1.22,-1.21
778.57,-2.89,-1.66,-2.89,-1.66,1.66,1.11,0.73,-1.22,-1.22,-1.23
786.35,-2.83,-1.60,-2.83,-1.59,1.60,1.06,0.71,-1.23,-1.22,-1.23
794.22,-2.76,-1.53,-2.76,-1.52,1.54,1.01,0.69,-1.22,-1.23,-1.23
802.16,-2.69,-1.46,-2.69,-1.46,1.47,0.97,0.67,-1.22,-1.23,-1.23
810.18,-2.62,-1.39,-2.62,-1.40,1.39,0.92,0.65,-1.22,-1.22,-1.23
818.28,-2.54,-1.35,-2.53,-1.32,1.32,0.88,0.63,-1.22,-1.21,-1.19
826.46,-2.44,-1.25,-2.44,-1.25,1.24,0.84,0.61,-1.20,-1.20,-1.19
834.73,-2.34,-1.15,-2.34,-1.17,1.16,0.80,0.59,-1.18,-1.18,-1.19
843.08,-2.24,-1.10,-2.24,-1.08,1.08,0.77,0.57,-1.16,-1.16,-1.14
851.51,-2.13,-0.99,-2.13,-0.99,0.99,0.73,0.55,-1.14,-1.14,-1.14
860.02,-2.01,-0.91,-2.01,-0.90,0.90,0.70,0.53,-1.11,-1.11,-1.10
868.62,-1.89,-0.79,-1.89,-0.80,0.80,0.66,0.52,-1.08,-1.08,-1.10
877.31,-1.76,-0.71,-1.76,-0.71,0.71,0.63,0.50,-1.05,-1.05,-1.05
886.08,-1.64,-0.63,-1.64,-0.62,0.61,0.60,0.48,-1.02,-1.02,-1.01
894.94,-1.51,-0.53,-1.51,-0.53,0.52,0.58,0.47,-0.99,-0.99,-0.98
903.89,-1.38,-0.43,-1.38,-0.43,0.43,0.55,0.45,-0.95,-0.95,-0.95
912.93,-1.24,-0.34,-1.24,-0.34,0.34,0.52,0.44,-0.90,-0.90,-0.90
922.06,-1.10,-0.25,-1.10,-0.25,0.25,0.50,0.42,-0.85,-0.85,-0.85
931.28,-0.96,-0.17,-0.96,-0.16,0.16,0.47,0.41,-0.80,-0.80,-0.79
940.59,-0.83,-0.08,-0.82,-0.08,0.08,0.45,0.40,-0.75,-0.74,-0.75
950.00,-0.68,0.00,-0.68,-0.00,0.01,0.43,0.38,-0.67,-0.68,-0.68
959.50,-0.55,0.05,-0.55,0.07,-0.06,0.41,0.37,-0.61,-0.61,-0.60
969.09,-0.42,0.13,-0.42,0.13,-0.13,0.39,0.36,-0.55,-0.55,-0.55
978.78,-0.29,0.18,-0.29,0.19,-0.19,0.37,0.35,-0.48,-0.48,-0.47
988.57,-0.16,0.23,-0.16,0.24,-0.25,0.35,0.33,-0.40,-0.40,-0.39
998.46,-0.02,0.30,-0.03,0.29,-0.30,0.33,0.32,-0.31,-0.32,-0.32
1008.44,0.10,0.32,0.11,0.34,-0.34,0.31,0.31,-0.24,-0.23,-0.22
1018.53,0.23,0.39,0.23,0.38,-0.37,0.29,0.30,-0.14,-0.14,-0.16
1028.71,0.36,0.41,0.35,0.41,-0.40,0.28,0.29,-0.04,-0.05,-0.05
1039.00,0.47,0.41,0.48,0.43,-0.43,0.26,0.28,0.05,0.05,0.06
1049.39,0.59,0.44,0.59,0.44,-0.44,0.25,0.27,0.15,0.15,0.15
1059.88,0.71,0.45,0.71,0.45,-0.45,0.23,0.25,0.26,0.26,0.26
1070.48,0.83,0.44,0.83,0.45,-0.45,0.22,0.24,0.38,0.38,0.39
1081.19,0.95,0.43,0.95,0.44,-0.44,0.20,0.23,0.51,0.51,0.52
1092.00,1.06,0.43,1.06,0.43,-0.43,0.19,0.22,0.63,0.63,0.63
1102.92,1.17,0.41,1.17,0.42,-0.41,0.17,0.21,0.76,0.76,0.76
1113.95,1.29,0.39,1.29,0.39,-0.40,0.16,0.20,0.90,0.89,0.90
1125.09,1.39,0.37,1.40,0.37,-0.37,0.15,0.19,1.02,1.02,1.02
1136.34,1.51,0.34,1.51,0.35,-0.35,0.14,0.18,1.16,1.16,1.17
1147.70,1.62,0.33,1.62,0.33,-0.32,0.12,0.17,1.30,1.29,1.29
1159.18,1.72,0.28,1.73,0.30,-0.30,0.11,0.17,1.42,1.43,1.44
1170.77,1.83,0.28,1.83,0.27,-0.27,0.10,0.16,1.56,1.56,1.55
1182.48,1.94,0.23,1.94,0.24,-0.24,0.09,0.15,1.70,1.69,1.71
1194.30,2.04,0.21,2.04,0.21,-0.21,0.08,0.14,1.83,1.83,1.83
1206.25,2.14,0.17,2.15,0.18,-0.18,0.07,0.13,1.96,1.96,1.97
1218.31,2.25,0.16,2.24,0.16,-0.16,0.06,0.12,2.10,2.09,2.09
1230.49,2.34,0.13,2.35,0.13,-0.13,0.05,0.11,2.21,2.22,2.21
1242.80,2.44,0.10,2.44,0.10,-0.10,0.04,0.10,2.34,2.34,2.34
1255.22,2.54,0.06,2.54,0.07,-0.08,0.03,0.09,2.47,2.46,2.48
1267.78,2.63,0.04,2.63,0.05,-0.05,0.02,0.08,2.58,2.58,2.59
1280.45,2.72,0.03,2.72,0.03,-0.03,0.01,0.08,2.69,2.69,2.69
1293.26,2.81,0.01,2.81,0.01,-0.01,-0.00,0.07,2.80,2.80,2.80
1306.19,2.89,-0.02,2.90,-0.00,0.01,-0.01,0.06,2.90,2.90,2.91
1319.25,2.99,-0.01,2.98,-0.02,0.02,-0.02,0.05,3.01,3.00,3.00
1332.45,3.07,-0.04,3.07,-0.03,0.03,-0.03,0.04,3.10,3.10,3.11
1345.77,3.15,-0.05,3.16,-0.04,0.04,-0.04,0.03,3.19,3.20,3.20
1359.23,3.24,-0.04,3.24,-0.05,0.04,-0.05,0.02,3.29,3.28,3.28
1372.82,3.32,-0.07,3.32,-0.05,0.05,-0.06,0.02,3.37,3.37,3.39
1386.55,3.40,-0.05,3.41,-0.05,0.05,-0.07,0.01,3.45,3.46,3.45
1400.41,3.49,-0.05,3.49,-0.05,0.05,-0.07,-0.00,3.54,3.54,3.54
1414.42,3.57,-0.04,3.57,-0.04,0.05,-0.08,-0.01,3.62,3.61,3.61
1428.56,3.64,-0.05,3.65,-0.04,0.04,-0.09,-0.02,3.68,3.69,3.69
1442.85,3.72,-0.05,3.72,-0.04,0.03,-0.10,-0.03,3.75,3.75,3.77
1457.28,3.81,-0.02,3.80,-0.02,0.02,-0.11,-0.04,3.83,3.82,3.83
1471.85,3.88,-0.01,3.89,-0.00,0.00,-0.11,-0.04,3.89,3.89,3.89
1486.57,3.96,0.01,3.96,0.01,-0.01,-0.12,-0.05,3.95,3.95,3.95
1501.43,4.04,0.03,4.04,0.03,-0.02,-0.13,-0.06,4.02,4.01,4.01
1516.45,4.11,0.03,4.11,0.04,-0.04,-0.14,-0.07,4.07,4.08,4.08
1531.61,4.19,0.05,4.19,0.06,-0.06,-0.14,-0.08,4.14,4.14,4.14
1546.93,4.27,0.07,4.27,0.07,-0.07,-0.15,-0.09,4.20,4.20,4.20
1562.40,4.35,0.08,4.35,0.09,-0.09,-0.16,-0.10,4.27,4.26,4.27
1578.02,4.42,0.09,4.42,0.10,-0.10,-0.16,-0.11,4.32,4.32,4.33
1593.80,4.50,0.11,4.50,0.11,-0.11,-0.17,-0.11,4.39,4.39,4.39
1609.74,4.58,0.12,4.58,0.13,-0.13,-0.18,-0.12,4.45,4.45,4.46
1625.84,4.66,0.15,4.66,0.14,-0.14,-0.19,-0.13,4.52,4.52,4.51
1642.10,4.74,0.15,4.74,0.16,-0.15,-0.19,-0.14,4.59,4.59,4.59
1658.52,4.82,0.15,4.82,0.17,-0.17,-0.20,-0.15,4.66,4.66,4.67
1675.10,4.90,0.18,4.90,0.17,-0.18,-0.21,-0.16,4.72,4.72,4.72
1691.85,4.98,0.18,4.98,0.19,-0.19,-0.21,-0.17,4.79,4.79,4.80
1708.77,5.06,0.19,5.07,0.20,-0.20,-0.22,-0.18,4.86,4.86,4.87
1725.86,5.15,0.22,5.15,0.22,-0.21,-0.23,-0.19,4.94,4.94,4.93
1743.12,5.24,0.23,5.24,0.23,-0.23,-0.23,-0.20,5.01,5.01,5.01
1760.55,5.32,0.23,5.32,0.24,-0.24,-0.24,-0.21,5.08,5.09,5.09
1778.15,5.41,0.24,5.41,0.25,-0.25,-0.25,-0.22,5.16,5.16,5.17
1795.94,5.50,0.25,5.50,0.26,-0.26,-0.25,-0.22,5.24,5.24,5.25
1813.90,5.59,0.28,5.59,0.27,-0.27,-0.26,-0.23,5.33,5.32,5.31
1832.03,5.67,0.25,5.68,0.27,-0.27,-0.27,-0.24,5.40,5.40,5.42
1850.36,5.77,0.29,5.77,0.28,-0.28,-0.27,-0.25,5.49,5.49,5.48
1868.86,5.86,0.27,5.86,0.28,-0.29,-0.28,-0.26,5.57,5.57,5.59
1887.55,5.95,0.30,5.96,0.30,-0.30,-0.29,-0.27,5.65,5.66,5.65
1906.42,6.05,0.29,6.05,0.30,-0.30,-0.29,-0.28,5.75,5.75,5.76
1925.49,6.15,0.32,6.15,0.31,-0.31,-0.30,-0.29,5.84,5.84,5.83
1944.74,6.24,0.31,6.25,0.32,-0.32,-0.31,-0.30,5.92,5.93,5.93
1964.19,6.35,0.31,6.35,0.33,-0.32,-0.31,-0.31,6.03,6.02,6.04
1983.83,6.44,0.33,6.45,0.33,-0.33,-0.32,-0.32,6.11,6.12,6.11
2003.67,6.55,0.34,6.55,0.34,-0.33,-0.33,-0.33,6.22,6.22,6.21
2023.71,6.65,0.33,6.65,0.34,-0.34,-0.34,-0.34,6.32,6.31,6.32
2043.94,6.75,0.33,6.75,0.34,-0.34,-0.34,-0.35,6.41,6.41,6.42
2064.38,6.85,0.33,6.85,0.34,-0.34,-0.35,-0.36,6.51,6.51,6.52
2085.03,6.96,0.34,6.96,0.34,-0.35,-0.36,-0.37,6.62,6.61,6.62
2105.88,7.06,0.35,7.06,0.35,-0.35,-0.37,-0.37,6.71,6.71,6.71
2126.94,7.16,0.34,7.16,0.35,-0.35,-0.37,-0.38,6.81,6.81,6.82
2148.20,7.27,0.35,7.27,0.36,-0.35,-0.38,-0.39,6.92,6.92,6.92
2169.69,7.37,0.36,7.37,0.36,-0.36,-0.39,-0.40,7.02,7.02,7.01
2191.38,7.48,0.36,7.48,0.36,-0.36,-0.40,-0.41,7.12,7.12,7.12
2213.30,7.58,0.35,7.58,0.36,-0.36,-0.41,-0.42,7.22,7.22,7.23
2235.43,7.69,0.35,7.69,0.36,-0.36,-0.41,-0.43,7.33,7.33,7.34
2257.78,7.79,0.36,7.79,0.36,-0.36,-0.42,-0.45,7.43,7.43,7.43
2280.36,7.89,0.36,7.89,0.36,-0.36,-0.43,-0.46,7.53,7.53,7.53
2303.17,7.99,0.35,8.00,0.37,-0.36,-0.44,-0.47,7.63,7.63,7.64
2326.20,8.10,0.37,8.10,0.36,-0.36,-0.45,-0.48,7.74,7.74,7.73
2349.46,8.20,0.36,8.20,0.36,-0.36,-0.46,-0.49,7.84,7.84,7.84
2372.95,8.29,0.34,8.30,0.36,-0.36,-0.47,-0.50,7.94,7.94,7.95
2396.68,8.39,0.36,8.39,0.35,-0.35,-0.49,-0.52,8.04,8.03,8.03
2420.65,8.48,0.34,8.48,0.35,-0.35,-0.50,-0.53,8.13,8.13,8.14
2444.86,8.57,0.35,8.57,0.35,-0.35,-0.51,-0.54,8.22,8.22,8.22
2469.31,8.66,0.35,8.66,0.35,-0.36,-0.52,-0.56,8.30,8.30,8.31
2494.00,8.75,0.36,8.75,0.36,-0.36,-0.53,-0.57,8.39,8.38,8.39
2518.94,8.82,0.36,8.83,0.37,-0.37,-0.55,-0.59,8.45,8.46,8.46
2544.13,8.90,0.38,8.90,0.38,-0.38,-0.56,-0.60,8.52,8.52,8.52
2569.57,8.98,0.40,8.98,0.40,-0.40,-0.58,-0.62,8.59,8.58,8.58
2595.27,9.04,0.40,9.05,0.41,-0.41,-0.59,-0.63,8.63,8.63,8.64
2621.22,9.11,0.43,9.11,0.43,-0.43,-0.61,-0.65,8.68,8.68,8.68
2647.43,9.17,0.44,9.17,0.45,-0.45,-0.63,-0.67,8.72,8.72,8.73
2673.90,9.23,0.46,9.23,0.48,-0.47,-0.65,-0.69,8.76,8.76,8.77
2700.64,9.28,0.51,9.28,0.50,-0.49,-0.67,-0.71,8.79,8.78,8.77
2727.65,9.31,0.52,9.32,0.52,-0.52,-0.69,-0.73,8.79,8.80,8.79
2754.93,9.36,0.54,9.36,0.55,-0.55,-0.71,-0.75,8.81,8.80,8.82
2782.48,9.39,0.57,9.39,0.58,-0.59,-0.74,-0.77,8.81,8.80,8.82
2810.30,9.41,0.61,9.42,0.62,-0.62,-0.76,-0.79,8.79,8.80,8.80
2838.40,9.44,0.67,9.44,0.66,-0.66,-0.79,-0.81,8.78,8.78,8.77
2866.79,9.46,0.71,9.46,0.71,-0.71,-0.82,-0.84,8.75,8.75,8.75
2895.46,9.46,0.74,9.47,0.76,-0.76,-0.85,-0.86,8.70,8.71,8.72
2924.41,9.47,0.81,9.47,0.81,-0.81,-0.88,-0.89,8.66,8.66,8.66
2953.65,9.47,0.86,9.47,0.87,-0.87,-0.92,-0.91,8.60,8.60,8.61
2983.19,9.47,0.92,9.47,0.92,-0.93,-0.96,-0.94,8.54,8.54,8.55
3013.02,9.45,0.99,9.45,0.99,-0.99,-1.00,-0.97,8.46,8.47,8.46
3043.15,9.43,1.03,9.44,1.05,-1.05,-1.04,-0.99,8.38,8.39,8.40
3073.58,9.42,1.13,9.41,1.11,-1.11,-1.09,-1.02,8.31,8.30,8.29
3104.32,9.39,1.16,9.39,1.18,-1.18,-1.14,-1.05,8.22,8.21,8.23
3135.36,9.35,1.23,9.36,1.24,-1.24,-1.19,-1.08,8.11,8.12,8.12
3166.72,9.32,1.31,9.32,1.30,-1.30,-1.25,-1.11,8.02,8.02,8.01
3198.38,9.27,1.35,9.28,1.36,-1.36,-1.31,-1.14,7.91,7.92,7.92
3230.37,9.23,1.41,9.23,1.42,-1.42,-1.37,-1.17,7.81,7.81,7.82
3262.67,9.19,1.48,9.19,1.48,-1.48,-1.44,-1.20,7.71,7.71,7.71
3295.30,9.13,1.53,9.14,1.54,-1.54,-1.51,-1.23,7.60,7.60,7.60
3328.25,9.08,1.59,9.08,1.59,-1.59,-1.58,-1.26,7.49,7.49,7.49
3361.53,9.02,1.64,9.02,1.64,-1.64,-1.66,-1.30,7.38,7.38,7.38
3395.15,8.96,1.69,8.96,1.70,-1.70,-1.75,-1.33,7.27,7.27,7.27
3429.10,8.90,1.74,8.90,1.74,-1.75,-1.83,-1.36,7.16,7.16,7.16
3463.39,8.84,1.79,8.84,1.79,-1.79,-1.92,-1.39,7.05,7.05,7.05
3498.03,8.78,1.83,8.78,1.84,-1.84,-2.00,-1.42,6.94,6.94,6.95
3533.01,8.71,1.87,8.72,1.88,-1.88,-2.09,-1.44,6.83,6.84,6.84
3568.34,8.65,1.92,8.65,1.92,-1.92,-2.18,-1.47,6.73,6.73,6.73
3604.02,8.58,1.96,8.58,1.96,-1.96,-2.26,-1.50,6.63,6.63,6.62
3640.06,8.51,1.98,8.51,1.99,-1.99,-2.33,-1.52,6.52,6.52,6.53
3676.46,8.44,2.01,8.44,2.02,-2.02,-2.40,-1.54,6.43,6.43,6.43
3713.22,8.37,2.05,8.37,2.05,-2.04,-2.46,-1.56,6.33,6.33,6.32
3750.36,8.31,2.06,8.31,2.07,-2.07,-2.50,-1.58,6.24,6.24,6.25
3787.86,8.24,2.09,8.24,2.09,-2.09,-2.53,-1.60,6.15,6.15,6.15
3825.74,8.17,2.09,8.17,2.10,-2.11,-2.54,-1.61,6.06,6.06,6.08
3864.00,8.10,2.12,8.10,2.13,-2.13,-2.54,-1.63,5.97,5.97,5.98
3902.64,8.04,2.16,8.04,2.15,-2.16,-2.52,-1.64,5.88,5.88,5.88
3941.66,7.97,2.17,7.97,2.18,-2.18,-2.48,-1.64,5.79,5.79,5.80
3981.08,7.90,2.20,7.90,2.20,-2.20,-2.43,-1.65,5.70,5.70,5.70
4020.89,7.83,2.21,7.83,2.22,-2.22,-2.37,-1.65,5.61,5.61,5.62
4061.10,7.76,2.24,7.76,2.24,-2.24,-2.29,-1.65,5.52,5.52,5.52
4101.71,7.69,2.23,7.69,2.25,-2.25,-2.20,-1.64,5.44,5.45,5.46
4142.73,7.63,2.27,7.63,2.26,-2.25,-2.11,-1.63,5.38,5.38,5.36
4184.15,7.56,2.25,7.56,2.25,-2.25,-2.01,-1.63,5.32,5.32,5.31
4226.00,7.49,2.23,7.49,2.24,-2.23,-1.91,-1.61,5.26,5.26,5.26
4268.26,7.42,2.21,7.42,2.21,-2.22,-1.80,-1.60,5.21,5.21,5.21
4310.94,7.35,2.18,7.35,2.18,-2.19,-1.70,-1.58,5.16,5.16,5.17
4354.05,7.28,2.14,7.28,2.15,-2.16,-1.60,-1.56,5.13,5.13,5.14
4397.59,7.21,2.11,7.21,2.11,-2.11,-1.49,-1.54,5.10,5.10,5.10
4441.56,7.13,2.08,7.13,2.07,-2.07,-1.40,-1.52,5.06,5.06,5.05
4485.98,7.05,2.00,7.05,2.02,-2.01,-1.30,-1.50,5.04,5.03,5.05
4530.84,6.96,1.96,6.97,1.95,-1.96,-1.21,-1.47,5.00,5.01,5.00
4576.15,6.88,1.88,6.88,1.88,-1.89,-1.12,-1.45,4.99,4.99,5.00
4621.91,6.80,1.80,6.80,1.82,-1.82,-1.04,-1.42,4.98,4.98,5.00
4668.13,6.71,1.75,6.71,1.74,-1.74,-0.95,-1.39,4.97,4.97,4.96
4714.81,6.62,1.66,6.62,1.66,-1.66,-0.88,-1.36,4.96,4.96,4.96
4761.96,6.53,1.57,6.53,1.57,-1.57,-0.80,-1.33,4.96,4.96,4.96
4809.58,6.42,1.46,6.43,1.47,-1.47,-0.73,-1.30,4.95,4.95,4.96
4857.67,6.32,1.36,6.32,1.36,-1.37,-0.66,-1.27,4.95,4.95,4.96
4906.25,6.21,1.25,6.21,1.26,-1.26,-0.59,-1.25,4.95,4.95,4.96
4955.31,6.10,1.14,6.10,1.14,-1.14,-0.52,-1.22,4.96,4.96,4.96
5004.87,5.99,1.03,5.99,1.03,-1.02,-0.46,-1.19,4.97,4.97,4.96
5054.91,5.88,0.88,5.88,0.90,-0.89,-0.40,-1.16,4.99,4.99,5.00
5105.46,5.76,0.76,5.76,0.75,-0.75,-0.34,-1.13,5.02,5.01,5.00
5156.52,5.64,0.59,5.64,0.60,-0.60,-0.27,-1.11,5.04,5.04,5.05
5208.08,5.51,0.43,5.52,0.44,-0.44,-0.21,-1.08,5.07,5.08,5.08
5260.16,5.40,0.29,5.39,0.28,-0.27,-0.16,-1.05,5.13,5.12,5.11
5312.77,5.26,0.10,5.27,0.11,-0.10,-0.10,-1.03,5.16,5.17,5.16
5365.89,5.14,-0.07,5.14,-0.07,0.08,-0.04,-1.01,5.22,5.22,5.21
5419.55,5.01,-0.25,5.01,-0.24,0.25,0.02,-0.98,5.26,5.26,5.26
5473.75,4.88,-0.42,4.89,-0.41,0.42,0.08,-0.96,5.30,5.31,5.30
5528.49,4.76,-0.57,4.76,-0.58,0.58,0.14,-0.94,5.34,5.34,5.33
5583.77,4.63,-0.75,4.63,-0.74,0.72,0.20,-0.92,5.36,5.36,5.38
5639.61,4.50,-0.88,4.51,-0.87,0.85,0.26,-0.90,5.35,5.36,5.38
5696.00,4.37,-0.98,4.38,-0.97,0.95,0.32,-0.88,5.32,5.33,5.35
5752.96,4.25,-1.04,4.25,-1.04,1.03,0.39,-0.86,5.28,5.28,5.29
5810.49,4.11,-1.11,4.13,-1.09,1.08,0.45,-0.85,5.19,5.20,5.22
5868.60,4.00,-1.11,4.01,-1.11,1.10,0.51,-0.83,5.10,5.11,5.11
5927.28,3.87,-1.12,3.89,-1.10,1.09,0.57,-0.82,4.97,4.99,4.99
5986.56,3.76,-1.09,3.78,-1.07,1.07,0.63,-0.80,4.83,4.85,4.85
6046.42,3.64,-1.05,3.67,-1.03,1.03,0.69,-0.79,4.67,4.70,4.69
6106.89,3.53,-0.99,3.58,-0.97,0.97,0.74,-0.78,4.50,4.55,4.52
6167.96,3.42,-0.94,3.48,-0.91,0.91,0.80,-0.77,4.33,4.39,4.36
6229.64,3.32,-0.85,3.40,-0.84,0.84,0.85,-0.76,4.16,4.24,4.17
6291.93,3.21,-0.80,3.32,-0.77,0.78,0.89,-0.75,3.99,4.10,4.01
6354.85,3.11,-0.74,3.26,-0.71,0.73,0.93,-0.74,3.84,3.99,3.85
6418.40,3.03,-0.70,3.21,-0.67,0.69,0.96,-0.73,3.72,3.90,3.73
6482.58,2.95,-0.68,3.19,-0.64,0.66,0.98,-0.72,3.62,3.85,3.63
6547.41,2.87,-0.67,3.17,-0.64,0.66,1.00,-0.72,3.53,3.83,3.54
6612.88,2.80,-0.71,3.17,-0.65,0.66,1.01,-0.71,3.47,3.84,3.51
6679.01,2.74,-0.76,3.19,-0.68,0.68,1.01,-0.71,3.43,3.87,3.50
6745.80,2.69,-0.85,3.22,-0.71,0.71,0.99,-0.70,3.40,3.93,3.54
6813.26,2.65,-0.96,3.26,-0.75,0.75,0.98,-0.70,3.40,4.01,3.61
6881.39,2.62,-1.08,3.30,-0.79,0.78,0.95,-0.69,3.40,4.08,3.70
6950.21,2.60,-1.26,3.33,-0.82,0.80,0.91,-0.69,3.40,4.14,3.86
7019.71,2.60,-1.43,3.36,-0.83,0.82,0.87,-0.69,3.42,4.17,4.03
7089.91,2.61,-1.62,3.36,-0.83,0.82,0.82,-0.68,3.43,4.18,4.23
7160.81,2.64,-1.84,3.33,-0.82,0.81,0.76,-0.68,3.46,4.15,4.48
7232.41,2.66,-2.12,3.29,-0.80,0.79,0.70,-0.68,3.45,4.08,4.78
7304.74,2.72,-2.34,3.22,-0.76,0.76,0.64,-0.67,3.48,3.98,5.06
7377.79,2.79,-2.60,3.13,-0.71,0.72,0.57,-0.67,3.51,3.84,5.39
7451.56,2.86,-2.86,3.02,-0.66,0.66,0.50,-0.67,3.52,3.68,5.72
7526.08,2.96,-3.08,2.90,-0.60,0.60,0.43,-0.66,3.56,3.50,6.04
7601.34,3.07,-3.28,2.77,-0.53,0.53,0.36,-0.66,3.60,3.29,6.35
7677.35,3.19,-3.43,2.63,-0.45,0.45,0.28,-0.65,3.64,3.08,6.62
7754.13,3.34,-3.50,2.49,-0.37,0.37,0.20,-0.64,3.71,2.86,6.84
7831.67,3.49,-3.53,2.36,-0.28,0.28,0.12,-0.64,3.77,2.64,7.02
7909.98,3.66,-3.49,2.22,-0.18,0.18,0.04,-0.63,3.85,2.41,7.15
7989.08,3.85,-3.33,2.09,-0.08,0.08,-0.04,-0.62,3.94,2.18,7.18
8068.98,4.05,-3.03,1.97,0.02,-0.02,-0.13,-0.61,4.03,1.94,7.08
8149.67,4.25,-2.66,1.85,0.14,-0.14,-0.22,-0.60,4.11,1.71,6.91
8231.16,4.48,-2.14,1.73,0.25,-0.26,-0.32,-0.59,4.22,1.47,6.62
8313.47,4.69,-1.60,1.62,0.38,-0.38,-0.42,-0.57,4.31,1.24,6.29
8396.61,4.90,-0.97,1.52,0.51,-0.52,-0.54,-0.56,4.38,1.01,5.87
8480.57,5.09,-0.27,1.43,0.65,-0.66,-0.66,-0.54,4.44,0.78,5.36
8565.38,5.26,0.43,1.35,0.80,-0.80,-0.79,-0.53,4.46,0.55,4.83
8651.03,5.39,1.14,1.27,0.95,-0.95,-0.93,-0.51,4.44,0.32,4.25
8737.54,5.49,1.85,1.20,1.10,-1.10,-1.09,-0.49,4.39,0.10,3.64
8824.92,5.50,2.45,1.13,1.25,-1.25,-1.26,-0.47,4.25,-0.12,3.05
8913.17,5.47,3.03,1.07,1.41,-1.40,-1.43,-0.45,4.07,-0.34,2.44
9002.30,5.36,3.49,1.00,1.56,-1.55,-1.59,-0.43,3.81,-0.55,1.87
9092.32,5.17,3.86,0.94,1.70,-1.69,-1.75,-0.41,3.48,-0.76,1.31
9183.25,4.89,4.12,0.87,1.84,-1.83,-1.88,-0.39,3.06,-0.96,0.77
9275.08,4.55,4.27,0.80,1.97,-1.96,-1.98,-0.37,2.59,-1.16,0.28
9367.83,4.12,4.33,0.73,2.09,-2.09,-2.05,-0.35,2.03,-1.36,-0.21
9461.51,3.64,4.31,0.66,2.21,-2.21,-2.10,-0.33,1.43,-1.56,-0.67
9556.12,3.11,4.21,0.58,2.32,-2.33,-2.16,-0.31,0.78,-1.75,-1.10
9651.68,2.55,4.09,0.51,2.42,-2.44,-2.22,-0.29,0.11,-1.93,-1.54
9748.20,1.95,3.92,0.43,2.52,-2.54,-2.30,-0.27,-0.59,-2.10,-1.97
9845.68,1.36,3.77,0.36,2.62,-2.62,-2.39,-0.25,-1.26,-2.26,-2.41
9944.14,0.75,3.59,0.28,2.71,-2.68,-2.51,-0.22,-1.93,-2.40,-2.84
10043.58,0.16,3.44,0.20,2.79,-2.73,-2.64,-0.20,-2.56,-2.52,-3.28
10144.02,-0.42,3.31,0.09,2.77,-2.75,-2.77,-0.18,-3.17,-2.66,-3.73
10245.46,-0.98,3.21,-0.02,2.75,-2.76,-2.91,-0.16,-3.74,-2.78,-4.19
10347.91,-1.52,3.15,-0.14,2.73,-2.75,-3.03,-0.14,-4.27,-2.88,-4.67
10451.39,-2.02,3.12,-0.25,2.70,-2.72,-3.12,-0.12,-4.74,-2.98,-5.14
10555.91,-2.52,3.09,-0.37,2.67,-2.69,-3.18,-0.10,-5.21,-3.06,-5.61
10661.46,-2.98,3.10,-0.49,2.64,-2.65,-3.19,-0.08,-5.62,-3.13,-6.08
10768.08,-3.42,3.11,-0.60,2.60,-2.60,-3.14,-0.06,-6.02,-3.21,-6.53
10875.76,-3.83,3.16,-0.72,2.56,-2.56,-3.05,-0.04,-6.39,-3.29,-6.99
10984.52,-4.21,3.18,-0.85,2.52,-2.52,-2.91,-0.02,-6.73,-3.36,-7.39
11094.36,-4.57,3.20,-0.97,2.47,-2.47,-2.73,0.01,-7.04,-3.44,-7.77
11205.31,-4.89,3.21,-1.09,2.42,-2.42,-2.54,0.03,-7.31,-3.51,-8.10
11317.36,-5.21,3.21,-1.21,2.36,-2.36,-2.33,0.05,-7.57,-3.58,-8.42
11430.53,-5.47,3.21,-1.34,2.30,-2.30,-2.13,0.07,-7.77,-3.64,-8.68
11544.84,-5.72,3.18,-1.47,2.24,-2.24,-1.93,0.09,-7.96,-3.71,-8.90
11660.29,-5.94,3.12,-1.59,2.18,-2.18,-1.74,0.12,-8.12,-3.77,-9.06
11776.89,-6.12,3.06,-1.72,2.11,-2.11,-1.57,0.14,-8.23,-3.83,-9.18
11894.66,-6.27,3.00,-1.85,2.04,-2.04,-1.41,0.16,-8.30,-3.89,-9.27
12013.60,-6.40,2.89,-1.98,1.96,-1.96,-1.27,0.19,-8.36,-3.94,-9.29
12133.74,-6.47,2.76,-2.12,1.88,-1.88,-1.14,0.21,-8.35,-4.00,-9.23
12255.08,-6.52,2.65,-2.25,1.80,-1.80,-1.03,0.24,-8.32,-4.05,-9.17
12377.63,-6.54,2.52,-2.38,1.71,-1.71,-0.93,0.27,-8.25,-4.10,-9.06
12501.41,-6.51,2.44,-2.52,1.62,-1.62,-0.84,0.30,-8.13,-4.14,-8.95
12626.42,-6.43,2.39,-2.66,1.53,-1.53,-0.75,0.33,-7.96,-4.19,-8.82
12752.68,-6.33,2.37,-2.79,1.43,-1.43,-0.68,0.36,-7.76,-4.23,-8.70
12880.21,-6.18,2.38,-2.93,1.33,-1.33,-0.62,0.39,-7.51,-4.27,-8.56
13009.01,-5.98,2.49,-3.07,1.23,-1.23,-0.56,0.43,-7.21,-4.30,-8.47
13139.10,-5.74,2.60,-3.21,1.12,-1.12,-0.51,0.47,-6.86,-4.34,-8.34
13270.49,-5.47,2.78,-3.36,1.01,-1.01,-0.47,0.51,-6.48,-4.37,-8.25
13403.20,-5.14,3.05,-3.50,0.90,-0.90,-0.42,0.55,-6.04,-4.40,-8.19
13537.23,-4.76,3.37,-3.64,0.78,-0.78,-0.39,0.60,-5.54,-4.42,-8.13
13672.60,-4.37,3.69,-3.79,0.66,-0.66,-0.35,0.65,-5.03,-4.45,-8.06
13809.33,-3.93,4.08,-3.94,0.53,-0.53,-0.32,0.70,-4.46,-4.47,-8.01
13947.42,-3.47,4.45,-4.09,0.41,-0.41,-0.30,0.75,-3.87,-4.49,-7.92
14086.90,-2.99,4.84,-4.23,0.27,-0.27,-0.27,0.82,-3.26,-4.51,-7.83
14227.77,-2.52,5.18,-4.38,0.14,-0.14,-0.25,0.88,-2.66,-4.52,-7.70
14370.04,-2.07,5.46,-4.54,0.00,-0.00,-0.23,0.95,-2.07,-4.54,-7.53
14513.74,-1.66,5.63,-4.69,-0.14,0.14,-0.21,1.02,-1.52,-4.55,-7.29
14658.88,-1.30,5.70,-4.84,-0.29,0.29,-0.19,1.10,-1.01,-4.56,-7.00
14805.47,-1.03,5.65,-5.00,-0.44,0.44,-0.18,1.18,-0.59,-4.56,-6.68
14953.52,-0.85,5.45,-5.15,-0.59,0.59,-0.16,1.26,-0.26,-4.56,-6.30
15103.06,-0.77,5.13,-5.31,-0.74,0.74,-0.15,1.34,-0.02,-4.57,-5.90
15254.09,-0.83,4.61,-5.47,-0.90,0.90,-0.14,1.42,0.08,-4.56,-5.44
15406.63,-0.97,4.01,-5.63,-1.07,1.07,-0.13,1.49,0.10,-4.56,-4.98
15560.70,-1.21,3.31,-5.79,-1.23,1.23,-0.12,1.56,0.02,-4.55,-4.52
15716.30,-1.55,2.49,-5.95,-1.40,1.40,-0.11,1.61,-0.15,-4.55,-4.04
15873.47,-1.93,1.68,-6.11,-1.58,1.58,-0.10,1.64,-0.35,-4.54,-3.61
16032.20,-2.34,0.83,-6.28,-1.75,1.75,-0.09,1.65,-0.59,-4.52,-3.17
16192.52,-2.75,0.00,-6.44,-1.93,1.93,-0.08,1.63,-0.82,-4.51,-2.75
16354.45,-3.27,-0.90,-6.61,-2.12,2.12,-0.08,1.59,-1.15,-4.49,-2.37
16517.99,-3.89,-1.88,-6.77,-2.30,2.30,-0.07,1.53,-1.58,-4.47,-2.01
16683.17,-4.68,-2.98,-6.94,-2.50,2.50,-0.06,1.44,-2.18,-4.45,-1.70
16850.01,-5.49,-4.07,-7.11,-2.69,2.69,-0.06,1.34,-2.80,-4.42,-1.42
17018.51,-6.31,-5.11,-7.28,-2.89,2.89,-0.05,1.23,-3.42,-4.40,-1.20
17188.69,-7.11,-6.07,-7.45,-3.09,3.09,-0.05,1.12,-4.02,-4.37,-1.04
17360.58,-7.84,-6.92,-7.63,-3.29,3.29,-0.04,1.00,-4.55,-4.33,-0.92
17534.18,-8.48,-7.62,-7.80,-3.50,3.50,-0.04,0.89,-4.98,-4.30,-0.86
17709.53,-9.00,-8.11,-7.98,-3.71,3.71,-0.04,0.78,-5.29,-4.26,-0.89
17886.62,-9.35,-8.40,-8.15,-3.93,3.93,-0.03,0.68,-5.42,-4.22,-0.95
18065.49,-9.64,-8.57,-8.33,-4.15,4.15,-0.03,0.59,-5.49,-4.18,-1.07
18246.14,-9.87,-8.67,-8.51,-4.37,4.37,-0.03,0.51,-5.50,-4.14,-1.20
18428.60,-9.94,-8.60,-8.69,-4.59,4.61,-0.02,0.44,-5.32,-4.07,-1.34
18612.89,-10.07,-8.57,-8.87,-4.82,4.86,-0.02,0.38,-5.21,-4.01,-1.50
18799.02,-10.27,-8.60,-9.05,-5.06,5.07,-0.02,0.32,-5.20,-3.98,-1.67
18987.01,-10.61,-8.77,-9.23,-5.29,5.27,-0.02,0.27,-5.34,-3.96,-1.84
19176.88,-10.97,-8.96,-9.42,-5.53,5.47,-0.01,0.23,-5.50,-3.95,-2.01
19368.65,-11.33,-9.20,-9.60,-5.78,5.66,-0.01,0.19,-5.67,-3.95,-2.13
19562.33,-11.66,-9.41,-9.79,-6.02,5.84,-0.01,0.16,-5.82,-3.95,-2.25
19757.96,-11.97,-9.66,-9.98,-6.27,6.01,-0.01,0.13,-5.95,-3.96,-2.31
19955.54,-12.24,-9.85,-10.17,-6.53,6.18,-0.01,0.10,-6.06,-3.98,-2.39
